BR;Ceará;Fortaleza;-3.73272;-38.527
BI;Bujumbura Mairie;Bujumbura;-3.36138;29.3599
BR;Amazonas;Manaus;-3.11903;-60.0217
BR;Ceará;Fortaleza (Praia do Futuro I);-3.73457;-38.4578
BR;Ceará;Itaitinga;-3.96944;-38.5281
BR;Ceará;Fortaleza;-3.71722;-38.5431
ID;South Kalimantan;Banjarmasin;-3.31861;114.594
BR;Amazonas;Manaus;-3.10194;-60.025
BR;Amazonas;Careiro da Várzea;-3.19695;-59.8267
BR;Maranhão;Milagres do Maranhão;-3.58139;-42.6094
ID;South Kalimantan;Banjarmasin;-3.31987;114.591
ID;Southeast Sulawesi;Kendari;-3.96641;122.55
ID;South Sulawesi;Enrekang;-3.56508;119.77
ID;Maluku;Ambon City;-3.69583;128.183
ID;Central Papua;Nabire;-3.35989;135.501
ID;South Sulawesi;Padangsappa;-3.2347;120.3
ID;South Sumatra;Muara Enim;-3.6486;103.771
ID;South Kalimantan;Binawara;-3.4853;115.795
ID;South Sumatra;Lahat;-3.78514;103.543
ID;South Sumatra;Palembang;-3.31944;103.914
ID;South Sumatra;Cempaka;-3.73235;104.668
ID;South Sumatra;Lubuklinggau;-3.2945;102.861
ID;West Sulawesi;Polewali;-3.4324;119.343
ID;West Sulawesi;Majene;-3.5403;118.971
ID;Central Sulawesi;Kaleroang;-3.05237;122.387
ID;South Kalimantan;Banjarbaru;-3.4406;114.837
ID;South Kalimantan;Pagatan;-3.6075;115.938
ID;South Kalimantan;Simpangempat;-3.2785;115.029
ID;South Kalimantan;Batulicin;-3.42022;116.006
ID;South Kalimantan;Gambut;-3.3961;114.675
ID;South Kalimantan;Pelaihari;-3.7987;114.779
ID;South Kalimantan;Martapura;-3.4109;114.864
ID;South Kalimantan;Jorong;-3.986;114.952
ID;South Sulawesi;Harapankarya;-3.9893;119.644
ID;South Sumatra;Negeriagung;-3.7673;103.652
ID;South Sumatra;Muara Beliti;-3.2486;103.034
ID;Central Papua;Beoga;-3.8395;137.167
ID;Southeast Sulawesi;Kendari;-3.9778;122.515
ID;South Sulawesi;Majennang;-3.9728;119.609
ID;South Kalimantan;Tabunganen;-3.4103;114.483
ID;Maluku;Masohi;-3.29833;128.969
ID;South Kalimantan;Sungairaya;-3.2864;115.056
ID;Central Kalimantan;Kuala Pembuang;-3.39228;112.55
ID;South Sulawesi;Sidenreng;-3.92753;119.799
EC;El Oro;La Avanzada;-3.53779;-79.9588
EC;El Oro;Huaquillas;-3.47638;-80.2225
BR;Pará;Altamira;-3.20333;-52.2064
EC;Morona-Santiago Province;Gualaquiza;-3.40352;-78.5815
PE;Tumbes;Tumbes;-3.55592;-80.4426
BR;Amazonas;Anori;-3.77278;-61.6442
EC;El Oro;Machala;-3.25886;-79.9588
ID;South Sulawesi;Pinrang;-3.78663;119.648
BR;Ceará;Maracanaú;-3.87667;-38.6256
BR;Ceará;Eusébio;-3.89;-38.4506
BR;Ceará;Aquiraz;-3.90139;-38.3911
BR;Amazonas;Manaus (Aleixo);-3.08694;-59.9942
BR;Amazonas;Manaus (Petrópolis);-3.10979;-59.994
BR;Ceará;Maranguape;-3.89083;-38.6856
BR;Maranhão;Vitória do Mearim;-3.46222;-44.8706
BR;Maranhão;Chapadinha;-3.74167;-43.3603
BR;Maranhão;Cajari;-3.32083;-45.0108
BR;Maranhão;Arari;-3.45361;-44.78
BR;Maranhão;Magalhães de Almeida;-3.39611;-42.2039
TZ;Shinyanga;Shinyanga;-3.66393;33.4212
TZ;Kilimanjaro;Moshi;-3.35;37.3333
TZ;Shinyanga;Isaka;-3.9;32.9333
TZ;Arusha;Arusha;-3.36667;36.6833
TZ;Arusha;Mto wa Mbu;-3.35;35.85
KE;Kwale County;Mazeras;-3.96426;39.5498
TZ;Arusha;Poli;-3.36146;36.8175
TZ;Arusha;Arusha;-3.38693;36.683
TZ;Arusha;Arusha;-3.36806;36.696
BI;Bujumbura Mairie;Bujumbura;-3.38235;29.3723
BI;Bujumbura Mairie;Bujumbura;-3.38193;29.3614
BI;Karuzi;Karuzi;-3.10139;30.1628
BI;Gitega;Gitega;-3.42728;29.9246
KE;Kilifi County;Watamu;-3.35335;40.021
KE;Kilifi County;Mtwapa;-3.93938;39.7488
KE;Taita Taveta;Voi;-3.39605;38.5561
KE;Kilifi County;Kaloleni;-3.81413;39.6314
KE;Kilifi County;Malindi;-3.21799;40.1169
KE;Kwale County;Samburu;-3.7947;39.2637
KE;Kilifi County;Kilifi;-3.63045;39.8499
TZ;Arusha;Ngorongoro;-3.23973;35.4875
TZ;Arusha;Kiratu;-3.33333;35.6667
TZ;Arusha;Kingori;-3.28333;36.9833
TZ;Arusha;Arusha;-3.38004;36.6828
TZ;Kigoma;Kakonko;-3.28278;30.9642
ID;Southeast Sulawesi;Unaaha;-3.8539;122.042
PE;Tumbes;Tumbes;-3.55649;-80.4271
BR;Ceará;Caucaia;-3.73611;-38.6531
PE;Loreto;Iquitos;-3.74814;-73.2529
BR;Pará;Goianésia do Pará;-3.8425;-49.0969
BR;Pará;Placas;-3.86778;-54.22
BR;Maranhão;Urbano Santos;-3.20778;-43.4036
BR;Ceará;Caucaia;-3.72814;-38.6619
BR;Ceará;Trairi;-3.27778;-39.2689
BR;Maranhão;Alto Alegre do Pindaré;-3.6707;-45.8475
BR;Maranhão;Santa Inês;-3.66667;-45.38
BR;Maranhão;Bela Vista do Maranhão;-3.74066;-45.2514
BR;Ceará;Pacatuba;-3.918;-38.6036
BR;Ceará;Pacatuba;-3.98417;-38.6203
BR;Ceará;Morrinhos;-3.22944;-40.125
EC;Zamora Chinchipe;Yantzaza;-3.83299;-78.7612
BR;Ceará;Uruburetama;-3.625;-39.5083
BR;Ceará;Pentecoste;-3.79674;-39.2692
BR;Ceará;Pentecoste;-3.79278;-39.2703
BR;Maranhão;Miranda do Norte;-3.56516;-44.5802
BR;Maranhão;Arari;-3.45186;-44.7792
EC;El Oro;Pasaje;-3.32561;-79.807
EC;El Oro;Portovelo;-3.71601;-79.6189
EC;Loja;Loja;-3.96912;-79.2152
EC;El Oro;Loma de Franco;-3.34262;-79.793
EC;El Oro;Balsas;-3.76146;-79.8242
ID;South Kalimantan;Satui;-3.7818;115.457
BR;Ceará;São Gonçalo do Amarante;-3.60722;-38.9683
BR;Pará;Pacajá;-3.83778;-50.6375
EC;Loja;Loja;-3.99313;-79.2042
EC;Loja;Taquil;-3.89018;-79.2891
EC;Loja;Catamayo;-3.98661;-79.3576
BR;Ceará;Marco;-3.12242;-40.153
BR;Ceará;Frecheirinha;-3.76;-40.8164
BR;Maranhão;Santa Inês;-3.66443;-45.384
BR;Amazonas;Manaquiri;-3.42806;-60.4594
BR;Amazonas;Anamã;-3.57972;-61.4042
BR;Maranhão;Santa Inês;-3.6649;-45.3828
BR;Ceará;Fortaleza (Joaquim Távora);-3.74734;-38.5194
BR;Maranhão;Vargem Grande;-3.54306;-43.9158
BR;Maranhão;Anapurus;-3.67167;-43.1161
BR;Ceará;Caucaia (Potira II);-3.75614;-38.6314
BR;Ceará;Cariré;-3.9496;-40.474
BR;Ceará;Mucambo;-3.90944;-40.7467
BR;Ceará;Maracanaú;-3.86828;-38.6265
BR;Ceará;Fortaleza (Jardim Guanabara);-3.72072;-38.5915
BR;Amazonas;Cidade de Deus;-3.02091;-59.9286
BR;Ceará;Sobral;-3.68611;-40.3497
BR;Amazonas;Autazes;-3.57972;-59.1306
BR;Amazonas;Manaus (Coroado);-3.08834;-59.9839
BR;Amazonas;Itacoatiara (Centro);-3.14128;-58.445
BR;Maranhão;Santana do Maranhão;-3.11611;-42.4117
BR;Ceará;Eusébio;-3.889;-38.4547
BR;Ceará;Ibiapina;-3.92333;-40.8894
BR;Ceará;Granja;-3.12028;-40.8261
BR;Ceará;Coité;-3.87636;-38.4614
BR;Ceará;Itapipoca;-3.49444;-39.5786
BR;Ceará;Bonsucesso;-3.77907;-38.5892
EC;El Oro;Buena Vista;-3.36335;-79.8449
EC;El Oro;Huaquillas;-3.47523;-80.2308
BR;Ceará;Amontada;-3.36167;-39.8317
BR;Ceará;Itapipoca (Ladeira);-3.50936;-39.5858
BR;Ceará;Tianguá;-3.73222;-40.9917
BR;Ceará;Mucambo (Centro);-3.90702;-40.7436
BR;Ceará;Ubajara;-3.85444;-40.9211
BR;Ceará;Itapajé;-3.68667;-39.5861
BR;Ceará;Itapajé;-3.68446;-39.5864
BR;Ceará;Maranguape;-3.88295;-38.6776
BR;Maranhão;Viana;-3.22028;-45.0036
BR;Piauí;Esperantina;-3.89456;-42.2342
BR;Ceará;Caucaia (Tabuba);-3.65016;-38.7014
BR;Ceará;Cambebba;-3.62092;-38.8291
EC;El Oro;Piñas;-3.68017;-79.6817
EC;El Oro;Piñas Grande;-3.66782;-79.6964
EC;El Oro;Piñas;-3.68041;-79.6825
BR;Maranhão;Zé Doca;-3.27472;-45.6583
BR;Maranhão;Urbano Santos;-3.20713;-43.4017
BR;Ceará;Alcântaras;-3.58889;-40.5456
BR;Piauí;Cocal;-3.47194;-41.5575
BR;Maranhão;Pirapemas;-3.72667;-44.2233
BR;Maranhão;Santa Quitéria do Maranhão;-3.49586;-42.562
BR;Maranhão;Itapecuru Mirim;-3.3925;-44.3586
BR;Ceará;Caucaia (Parque das Nacoes);-3.75108;-38.6085
BR;Amazonas;Manaus;-3.08822;-60.0386
BR;Ceará;Itaitinga;-3.97157;-38.5276
BR;Ceará;Meruoca;-3.54167;-40.455
BR;Amazonas;Maués;-3.38361;-57.7186
BR;Maranhão;Santa Luzia;-3.96333;-45.6583
BR;Maranhão;Pio XII;-3.8325;-45.1525
BR;Amazonas;Itacoatiara;-3.14306;-58.4442
BR;Amazonas;Purupuru;-3.38447;-59.7166
BR;Amazonas;Careiro;-3.81943;-60.3612
BR;Amazonas;Careiro;-3.76806;-60.3692
BR;Ceará;Senador Sá;-3.35056;-40.4633
BR;Ceará;Maraponga;-3.79827;-38.5701
BR;Maranhão;Viana;-3.20393;-44.9968
BR;Maranhão;Matinha;-3.10056;-45.0336
BR;Ceará;Umirim;-3.67819;-39.3487
BR;Amazonas;Alvarães;-3.22083;-64.8042
BR;Amazonas;Tefé (Centro);-3.34663;-64.7067
BR;Amazonas;Colonia Santo Antonio;-3.04256;-60.0181
EC;Azuay;Girón;-3.16042;-79.1475
EC;El Oro;Marcabelí;-3.7839;-79.9123
BR;Amazonas;Iranduba;-3.28472;-60.1861
BR;Ceará;Fortaleza (Vicente Pinzon);-3.73534;-38.4623
EC;El Oro;Cañaquemada;-3.3259;-79.8057
EC;El Oro;Huaquillas;-3.47816;-80.2292
EC;El Oro;Casacay;-3.32298;-79.7228
BR;Ceará;Caucaia (Araturi);-3.76567;-38.6404
BR;Ceará;Canindezinho;-3.80531;-38.6008
BR;Ceará;Fortaleza (Aeroporto);-3.77899;-38.5393
BR;Piauí;Esperantina;-3.90167;-42.2336
BR;Amazonas;Urucurituba;-3.12873;-58.155
BR;Amazonas;Nova Olinda do Norte;-3.89174;-59.0954
BR;Ceará;Tianguá (Centro);-3.72614;-40.9921
BR;Ceará;Juá dos Vieiras;-3.53333;-41.3
BR;Piauí;Cocal;-3.46868;-41.559
BR;Amazonas;Manaquiri;-3.31667;-60.35
BR;Amazonas;Manaus (Distrito Industrial I);-3.1119;-59.9632
BR;Amazonas;Manaus (Ponta Negra);-3.08504;-60.0725
BR;Pará;Tucuruí;-3.76585;-49.6792
BR;Ceará;Fortaleza (Centro);-3.72135;-38.5211
BR;Ceará;Antônio Diogo;-3.73488;-38.458
EC;El Oro;Machala;-3.25811;-79.9554
BR;Pará;Altamira;-3.20435;-52.2079
BI;Bujumbura Mairie;Bujumbura;-3.38694;29.3716
BR;Amazonas;Manaus (Distrito Industrial I);-3.11488;-59.9494
CD;Maniema;Kampene;-3.59678;26.6672
TZ;Simiyu;Kisesa;-3.08333;34.15
BI;Bubanza;Muzinda;-3.2617;29.4206
BI;Bubanza;Bubanza;-3.0804;29.391
KE;Kilifi County;Mariakani;-3.86261;39.4746
TZ;Arusha;Arusha;-3.41296;36.6389
KE;Kilifi;Malindi;-3.2115;40.1182
KE;Kilifi County;Kilifi;-3.64254;39.8405
ID;South Kalimantan;Satui;-3.78596;115.392
ID;South Kalimantan;Banjarmasin;-3.29786;114.586
ID;Central Papua;Topo;-3.5403;135.538
ID;Southeast Sulawesi;Kendari;-3.96576;122.522
ID;Maluku;Ambon City;-3.65462;128.196
ID;South Kalimantan;Banjarmasin;-3.34056;114.628
ID;South Kalimantan;Banjarmasin;-3.31412;114.579
ID;Southeast Sulawesi;Asera;-3.4746;122.067
ID;Southeast Sulawesi;Kendari;-3.99847;122.516
ID;Bengkulu;Argamakmur;-3.4232;102.189
ID;South Sumatra;Prabumulih;-3.36963;104.3
ID;South Sumatra;Indralaya;-3.303;104.695
ID;Bengkulu;Bengkulu;-3.80044;102.266
ID;South Kalimantan;Pantai;-3.10815;116.089
ID;South Sulawesi;Pinrang;-3.80942;119.649
ID;Central Kalimantan;Kualakapuas;-3.00677;114.384
ID;South Sumatra;Kabupaten Ogan Komering Ilir;-3.72618;105.454
ID;South Kalimantan;Banjarmasin;-3.30208;114.607
ID;South Kalimantan;Kabupaten Tanah Bumbu;-3.4775;115.951
ID;South Kalimantan;Martapura;-3.40665;114.848
ID;South Kalimantan;Banjarbaru;-3.44803;114.818
ID;South Kalimantan;Martapura;-3.4844;114.834
ID;Bengkulu;Curup;-3.4703;102.521
ID;South Kalimantan;Martapura;-3.4403;114.832
ID;South Sumatra;Muara Enim;-3.66103;103.77
ID;South Sumatra;Muara Enim;-3.75978;103.792
ID;South Sulawesi;Pinrang;-3.79591;119.652
ID;South Sulawesi;Siwa;-3.6999;120.416
ID;South Sulawesi;Palopo;-3.00742;120.185
ID;South Sumatra;Kabupaten Ogan Ilir;-3.23686;104.664
ID;South Kalimantan;Pelaihari;-3.79913;114.783
ID;South Kalimantan;Banjarmasin;-3.32304;114.603
ID;Bengkulu;Ipuh;-3.0067;101.484
ID;South Kalimantan;Anjirmuara;-3.1973;114.567
ID;South Kalimantan;Batulicin;-3.44623;115.995
ID;South Kalimantan;Banjarmasin;-3.32762;114.589
ID;South Sulawesi;Belopa;-3.3541;120.367
ID;South Kalimantan;Banjarmasin;-3.33223;114.617
ID;South Sulawesi;Bajo;-3.37865;120.313
ID;South Sulawesi;Pinrang;-3.78611;119.652
ID;South Sulawesi;Pinrang;-3.78686;119.649
ID;West Sulawesi;Polewali Mandar Regency;-3.40835;119.307
ID;South Sulawesi;Pekkabata;-3.40835;119.307
ID;South Sumatra;Indralaya;-3.21892;104.66
ID;South Sulawesi;Beringinjaya;-3.00684;120.206
ID;South Sulawesi;Pinrang;-3.79019;119.658
ID;South Kalimantan;Batulicin;-3.38712;116.012
BR;Ceará;Fortaleza;-3.80052;-38.5612
KE;Kwale County;Mackinnon Road;-3.72332;39.0302
KE;Kilifi County;Takaungu;-3.6835;39.8569
KE;Taita Taveta;Wundanyi;-3.39642;38.3573
ID;Maluku;Ambon City;-3.63867;128.169
ID;Bengkulu;Ketahun;-3.3897;101.835
ID;South Sumatra;Prabumulih;-3.43447;104.231
ID;Central Kalimantan;Lupak;-3.3823;114.268
ID;South Kalimantan;Kotabaru Hilir;-3.24267;116.225
ID;South Sumatra;Indralaya;-3.25249;104.676
ID;South Sumatra;Talang Ubi;-3.2656;103.825
ID;South Sumatra;Glumbang;-3.19483;104.426
ID;South Sulawesi;Makale;-3.1019;119.854
ID;South Sulawesi;Rappang;-3.8445;119.817
ID;South Sulawesi;Getengan;-3.1813;119.884
ID;South Sulawesi;Larompong;-3.515;120.37
ID;South Sumatra;Tanjung Lubuk;-3.3599;104.843
ID;Bengkulu;Karang Tinggi;-3.75;102.423
ID;South Sumatra;Indralaya;-3.13697;104.713
ID;South Kalimantan;Banjarmasin;-3.33811;114.62
ID;South Kalimantan;Banjarmasin;-3.31687;114.59
ID;South Kalimantan;Marabahan;-3.0136;114.769
ID;West Sulawesi;Allu;-3.4247;118.991
ID;South Sulawesi;Beringinjaya;-3.0072;120.206
ID;South Sumatra;Peninjawan;-3.86945;104.382
BR;Ceará;Santana do Acaraú;-3.46056;-40.2122
BR;Amazonas;Cidade de Deus;-3.02373;-59.9457
BR;Amazonas;Manacapuru;-3.29972;-60.6206
EC;Azuay;Sigsig;-3.05107;-78.7958
EC;Azuay;Nabón;-3.33875;-79.0657
EC;Azuay;Sigsig;-3.05227;-78.794
BR;Pará;Brasil Novo;-3.30708;-52.5386
BR;Pará;Brasil Novo;-3.30554;-52.5392
BR;Pará;Ulianópolis;-3.74194;-47.4947
BR;Ceará;Tianguá;-3.73093;-40.9928
BR;Amazonas;Manaus (Cidade Nova);-3.01003;-59.9712
BR;Amazonas;São Paulo de Olivença;-3.37833;-68.8725
BR;Pará;Uruará;-3.71766;-53.7346
EC;El Oro;Santa Rosa;-3.45571;-79.9637
BR;Amazonas;Manaus (Adrianópolis);-3.09721;-60.0069
PE;Loreto;Samito;-3.85757;-73.5834
BR;Ceará;Frecheirinha;-3.75964;-40.8172
BR;Ceará;Bela Cruz;-3.05056;-40.1678
BR;Ceará;Fortaleza (Centro);-3.74466;-38.5199
BR;Ceará;Martinópole;-3.22556;-40.6967
BR;Ceará;Sobral;-3.68441;-40.3562
BR;Ceará;Forquilha;-3.79833;-40.2606
BR;Maranhão;Cantanhede;-3.63333;-44.3767
BR;Ceará;Aquiraz;-3.90627;-38.3875
BR;Ceará;Fortaleza (Aldeota);-3.73826;-38.495
BR;Amazonas;Parque das Laranjeiras;-3.05432;-59.989
BR;Pará;Breu Branco;-3.77517;-49.5691
BR;Pará;Aveiro;-3.60556;-55.3317
BR;Pará;Anapu;-3.47222;-51.1978
BR;Pará;Medicilândia;-3.44611;-52.8889
BR;Ceará;Barroquinha (Centro);-3.02168;-41.1321
BR;Ceará;Barroquinha;-3.01889;-41.1361
BR;Ceará;Chaval;-3.03361;-41.2439
BR;Ceará;Maranguape (Centro);-3.89115;-38.6832
BR;Ceará;Fortaleza (Luciano Cavalcante);-3.78505;-38.4877
ID;South Sumatra;Tanjungraja;-3.33725;104.775
ID;South Sumatra;Tebing Tinggi;-3.5842;103.077
ID;South Sumatra;Suban Jeriji;-3.74637;103.964
BR;Amazonas;Manaus (Ponta Negra);-3.08488;-60.0728
ID;South Sumatra;Cempaka;-3.85679;104.752
BI;Bujumbura Mairie;Bujumbura;-3.38082;29.3724
TZ;Kilimanjaro;Usangi;-3.7;37.6667
BI;Bujumbura Rural;Manga;-3.5086;29.469
BI;Gitega;Gitega;-3.42708;29.9246
BI;Bujumbura Mairie;Bujumbura;-3.37922;29.3541
BI;Bujumbura Mairie;Bujumbura;-3.38229;29.3818
ID;South Sulawesi;Cakke;-3.39296;119.766
ID;Bengkulu;Bengkulu;-3.75952;102.272
ID;South Kalimantan;Binawara;-3.47829;115.899
EC;Loja;San Sebastián de Yuluc;-3.37078;-79.4384
ID;South Kalimantan;Banjarmasin;-3.35109;114.627
ID;South Sulawesi;Teppo;-3.7065;119.67
ID;South Kalimantan;Banjarmasin;-3.28172;114.617
ID;South Sumatra;Sungaigerong;-3.02933;104.752
ID;South Sulawesi;Pinrang;-3.8239;119.637
ID;South Kalimantan;Banjarmasin;-3.31994;114.615
ID;South Sumatra;Terawas;-3.0526;102.815
ID;South Kalimantan;Gambut;-3.4499;114.742
ID;South Kalimantan;Pangaron;-3.18196;115.259
ID;South Kalimantan;Banjarmasin;-3.26939;114.627
ID;Maluku;Ambon City;-3.67649;128.14
BR;Ceará;Fortaleza (Presidente Kennedy);-3.73207;-38.5691
ID;South Kalimantan;Pelaihari;-3.79876;114.776
ID;Southeast Sulawesi;Lasusua;-3.49466;120.882
ID;South Sulawesi;Getengan;-3.16773;119.885
ID;South Kalimantan;Banjarmasin;-3.32257;114.581
BR;Ceará;Fortaleza (Joaquim Távora);-3.7454;-38.5125
BR;Ceará;Paraipaba;-3.43944;-39.1483
BR;Ceará;Fortaleza (Luciano Cavalcante);-3.77915;-38.4824
BR;Maranhão;Igarapé do Meio;-3.63878;-45.1867
BR;Amazonas;Manaus (Petrópolis);-3.11801;-59.9982
BR;Amazonas;Compensa;-3.10933;-60.0508
BR;Amazonas;São Jorge;-3.10762;-60.0387
BR;Ceará;Pentecoste;-3.79237;-39.2722
BR;Amazonas;Manaus (Cidade Nova);-3.02599;-59.9898
BR;Ceará;Fortaleza (Parquelândia);-3.73757;-38.5647
BR;Ceará;Paracuru;-3.41;-39.0306
BR;Maranhão;Santa Rita;-3.86358;-43.86
BR;Ceará;São Luís do Curu;-3.67205;-39.2395
BR;Ceará;São Luís do Curu;-3.67;-39.2433
EC;Morona-Santiago Province;Gualaquiza;-3.40635;-78.5718
BR;Amazonas;Manaus (Petrópolis);-3.10838;-59.9897
BR;Maranhão;Anajatuba;-3.26444;-44.6197
BR;Ceará;Fátima;-3.74979;-38.5249
BR;Amazonas;Flores;-3.0654;-60.0247
BR;Ceará;Itapipoca;-3.49471;-39.5804
BR;Pará;Uruará;-3.7175;-53.7367
BR;Ceará;Massapê;-3.52278;-40.3428
BR;Pará;Goianésia do Pará;-3.84007;-49.1011
BR;Ceará;Granja;-3.11846;-40.8303
BR;Ceará;Tejuçuoca;-3.98889;-39.5806
BR;Maranhão;Bom Jardim;-3.54281;-45.6085
BR;Maranhão;Santa Rita;-3.13901;-44.3252
EC;El Oro;San Roque;-3.72748;-79.6687
BR;Ceará;Eusébio (Cambeba);-3.81245;-38.4855
BR;Amazonas;Manaus (Dom Pedro);-3.08558;-60.0341
BR;Amazonas;Manaus (Distrito Industrial);-3.10477;-59.9516
BR;Ceará;Fortaleza (Dionísio Torres);-3.74773;-38.4955
BR;Ceará;Fortaleza (Joaquim Távora);-3.75986;-38.5124
BR;Ceará;Maracanaú (Jereissati I);-3.87038;-38.6186
BR;Ceará;Fortaleza (Farias Brito);-3.7358;-38.5666
BR;Ceará;Marco;-3.12389;-40.1467
BR;Ceará;Fortaleza (Parque Manibura);-3.79564;-38.4914
BR;Ceará;Maranguape;-3.89171;-38.6842
BR;Amazonas;Colônia Terra Nova;-3.02321;-60.0082
BR;Ceará;Viçosa do Ceará;-3.56222;-41.0922
BR;Maranhão;Presidente Vargas;-3.40694;-44.0239
BR;Maranhão;São Bernardo;-3.36139;-42.4178
BR;Ceará;Aquiraz (Centro);-3.90633;-38.3893
BR;Amazonas;Nossa Senhora das Graças;-3.10696;-60.0208
BR;Ceará;Turaru;-3.6;-39.4333
BR;Pernambuco;Vila dos Remédios;-3.84205;-32.4107
BR;Amazonas;Manaus (Adrianópolis);-3.09549;-60.0106
BR;Amazonas;Manaus (Praça 14 de Janeiro);-3.12095;-60.0145
BR;Maranhão;Anajatuba;-3.26324;-44.6168
BR;Ceará;São Gonçalo do Amarante;-3.60729;-38.9684
BR;Ceará;Moraújo;-3.46667;-40.6806
BR;Amazonas;Manaus (Novo Israel);-3.02624;-60.0186
BR;Ceará;Groaíras;-3.91514;-40.3851
BR;Ceará;Groaíras;-3.91333;-40.3833
BR;Amazonas;Manaus (Praça 14 de Janeiro);-3.12432;-60.0125
BR;Amazonas;Manaus (Adrianópolis);-3.1131;-60.0138
BR;Amazonas;Itacoatiara;-3.13504;-58.4385
BR;Amazonas;Manaus (Parque Dez de Novembro);-3.0726;-60.0073
BR;Piauí;Piracuruca;-3.92806;-41.7092
BR;Ceará;Fortaleza (Papicu);-3.73508;-38.4714
BR;Piauí;Murici dos Portelas;-3.32383;-42.0898
BR;Piauí;Buriti dos Lopes;-3.175;-41.8669
BR;Ceará;Fortaleza (Rodolfo Teófilo);-3.74738;-38.5535
BR;Amazonas;Manaus (Novo Aleixo);-3.06102;-59.9607
BR;Pará;Tucuruí;-3.76608;-49.6778
EC;Azuay;San Felipe de Oña;-3.46986;-79.1544
EC;El Oro;Puerto Bolivar;-3.26649;-79.9975
EC;El Oro;Puerto Jelí;-3.41444;-79.995
EC;Zamora Chinchipe;El Pangui;-3.62575;-78.5884
PE;Loreto;San Juan;-3.77611;-73.2814
BR;Ceará;Irauçuba;-3.74611;-39.7833
BR;Maranhão;Monção;-3.49167;-45.2511
BR;Maranhão;Penalva;-3.29417;-45.1736
BR;Ceará;Eusébio (Prefeito José Walter);-3.82874;-38.5313
BR;Amazonas;Manaus (Chapada);-3.09348;-60.0356
BR;Maranhão;Itapecuru Mirim;-3.39372;-44.3598
BR;Maranhão;São João do Carú;-3.55444;-46.2558
EC;El Oro;Machala;-3.26125;-79.9572
BR;Piauí;Cocal dos Alves;-3.60162;-41.4428
EC;Azuay;Sigsig;-3.05089;-78.7956
BR;Ceará;Itaitinga;-3.97175;-38.5296
BR;Amazonas;Tefé;-3.36841;-64.7205
BR;Ceará;Fortaleza (Luciano Cavalcante);-3.77431;-38.4897
BR;Ceará;Viçosa do Ceará;-3.56792;-41.0897
BR;Ceará;Parangaba;-3.77737;-38.5689
BR;Ceará;Fortaleza (Dionísio Torres);-3.75041;-38.5095
BR;Ceará;Fortaleza (José Bonifacio);-3.73499;-38.5309
BR;Amazonas;Santo Agostinho;-3.08912;-60.0618
BR;Ceará;Umirim;-3.67722;-39.3503
BR;Maranhão;Igarapé do Meio;-3.63945;-45.1889
ID;South Sumatra;Pedamaran;-3.4884;104.838
ID;West Sulawesi;Petoosang;-3.4277;118.991
ID;Bengkulu;Tubei;-3.11917;102.2
ID;South Sulawesi;Belajen;-3.3235;119.824
ID;Maluku;Bula;-3.1112;130.495
ID;Maluku;Amahusu;-3.72525;128.147
ID;Maluku;Passo;-3.63011;128.252
ID;Lampung;Wiralaga Mulya;-3.84278;105.494
ID;West Sulawesi;Somba;-3.3772;118.848
ID;South Sulawesi;Langnga;-3.8459;119.522
EC;Zamora Chinchipe;Los Encuentros;-3.75993;-78.648
EC;Zamora Chinchipe;El Pangui;-3.62738;-78.586
EC;El Oro;El Guabo;-3.23687;-79.8185
PE;Tumbes;Zorritos;-3.68046;-80.6782
PE;Loreto;Caballococha;-3.90583;-70.5164
BR;Amazonas;Codajás;-3.83667;-62.0569
EC;Zamora Chinchipe;Los Encuentros;-3.76062;-78.6481
EC;Loja;Chuquiribamba;-3.84181;-79.3449
BR;Maranhão;Brejo;-3.68444;-42.7503
BR;Piauí;Porto;-3.89333;-42.71
BR;Piauí;Luzilândia;-3.45778;-42.3703
BR;Ceará;Paracuru;-3.41046;-39.0302
EC;Loja;San Lucas;-3.73719;-79.2631
EC;Morona-Santiago Province;San Juan Bosco;-3.11905;-78.5309
EC;El Oro;Zaruma;-3.6873;-79.6109
EC;Zamora Chinchipe;Yantzaza (Yanzatza);-3.82909;-78.7618
EC;Zamora Chinchipe;Los Encuentros;-3.75893;-78.647
EC;Loja;Catamayo (La Toma);-3.98654;-79.3569
EC;El Oro;Uzhcurrumi;-3.32313;-79.5954
BR;Ceará;Pacujá;-3.98019;-40.6982
BR;Ceará;Fortaleza (Presidente Kennedy);-3.72763;-38.572
ID;Southeast Sulawesi;Lasusua;-3.5105;120.884
ID;Central Kalimantan;Kualakapuas;-3.00913;114.388
EC;Zamora Chinchipe;Cumbaratza;-3.99422;-78.8667
EC;Azuay;Gima;-3.19109;-78.9579
EC;Loja;Catamayo (La Toma);-3.98636;-79.3515
EC;Azuay;Giron;-3.15909;-79.1474
EC;El Oro;Zaruma;-3.69227;-79.6125
EC;El Oro;La Susaya;-3.67736;-79.6907
EC;Loja;Olmedo;-3.93435;-79.6465
EC;El Oro;Machala;-3.25924;-79.9584
BR;Ceará;Fortaleza (Joaquim Távora);-3.75115;-38.5138
BR;Amazonas;Manaus (Cidade Nova);-3.04148;-59.9563
BR;Amazonas;Manaus (Centro);-3.13672;-60.0199
BR;Ceará;Fortaleza (Guararapes);-3.75802;-38.485
BR;Ceará;Fortaleza (Meireles);-3.73268;-38.4972
BR;Piauí;Morro do Chapéu do Piauí;-3.74272;-42.3114
BR;Ceará;Apuiarés;-3.94889;-39.4317
BR;Amazonas;Manaus (Armando Mendes);-3.09427;-59.9413
BR;Amazonas;Taruma;-3.02928;-60.0467
BR;Amazonas;Manaus (Aleixo);-3.08917;-60.0086
BR;Ceará;Itaperi;-3.78796;-38.5532
BR;Maranhão;Mata Roma;-3.625;-43.1111
BR;Ceará;Massapê;-3.52402;-40.3426
BR;Ceará;Caucaia;-3.72817;-38.6619
BR;Maranhão;Santa Quitéria do Maranhão;-3.49702;-42.5625
BR;Maranhão;Belágua;-3.155;-43.5103
BR;Maranhão;Santa Inês (Nova Santa Inês);-3.6616;-45.3828
BR;Ceará;Fortaleza (Aldeota);-3.73639;-38.4997
BR;Ceará;Fortaleza (Álvaro Weyne);-3.71607;-38.5624
BR;Ceará;Fortaleza (Montese);-3.76292;-38.5452
BR;Maranhão;Matões do Norte;-3.63222;-44.5558
BR;Amazonas;Manaus (Distrito Industrial I);-3.10809;-59.9579
BR;Amazonas;Manaus (São Geraldo);-3.11335;-60.0268
BR;Ceará;Fortaleza (Aldeota);-3.74168;-38.4963
BR;Amazonas;Manaus (Vila Buriti);-3.15528;-59.9797
BR;Amazonas;Manaus (Parque Dez de Novembro);-3.08164;-60.0063
BR;Ceará;Fortaleza (Meireles);-3.72745;-38.4955
BR;Maranhão;Pindaré-Mirim;-3.61023;-45.3424
BR;Ceará;Mucuripe;-3.72545;-38.4845
BR;Ceará;Eusébio (Paupina);-3.85985;-38.4953
BR;Ceará;Fortaleza (Parque Dois Irmãos);-3.80624;-38.5532
BR;Ceará;Maracanaú (Jaçanaú);-3.84177;-38.6346
BR;Ceará;São Gonçalo do Amarante;-3.75387;-38.9877
BR;Ceará;Fortaleza (Cidade dos Funcionários);-3.78935;-38.4999
BR;Ceará;Jardim;-3.46444;-39.0567
BR;Maranhão;Lago Verde;-3.9765;-44.888
BR;Ceará;Fortaleza (São João do Tauape);-3.75347;-38.5187
BR;Amazonas;Manaus (Adrianópolis);-3.10393;-60.0104
BR;Ceará;Fortaleza (Aldeota);-3.74511;-38.4961
BR;Ceará;Ubajara;-3.85321;-40.9196
BR;Piauí;Bom Princípio do Piauí;-3.1919;-41.6438
BR;Ceará;Dendê;-3.79744;-38.5524
BR;Piauí;Caxingó;-3.41942;-41.8958
EC;El Oro;Machala;-3.26141;-79.9571
EC;Loja;Loja;-3.99129;-79.202
PE;Loreto;Zúngaro Cocha;-3.82961;-73.3563
EC;Loja;Loja;-3.99521;-79.2022
EC;El Oro;Huaquillas;-3.48311;-80.2242
EC;Zamora Chinchipe;Guadalupe;-3.84664;-78.889
BR;Amazonas;Manaus (Parque Dez de Novembro);-3.0929;-60.0208
BR;Ceará;Caucaia (Parque Guadalajara);-3.75756;-38.6172
BR;Ceará;Coreaú;-3.55097;-40.6572
EC;El Oro;Tendales;-3.12201;-79.846
EC;El Oro;Machala;-3.25056;-79.9565
EC;El Oro;Arenillas;-3.55625;-80.0657
EC;Loja;El Cisne;-3.85128;-79.4263
EC;El Oro;Machala;-3.27288;-79.9318
BR;Ceará;Eusébio (Distrito Industrial II);-3.89185;-38.469
BR;Ceará;Cariré;-3.95056;-40.4733
BR;Maranhão;Chapadinha;-3.74153;-43.3601
BR;Ceará;Aquiraz;-3.9063;-38.3875
BR;Ceará;Fortaleza;-3.73271;-38.527
BR;Piauí;São João do Arraial;-3.81484;-42.4524
BR;Maranhão;Buriti;-3.94207;-42.9183
BR;Amazonas;Manaus (Cidade Nova);-3.02076;-59.9892
BR;Ceará;Forquilha;-3.79955;-40.2636
BI;Bujumbura Mairie;Bujumbura;-3.37894;29.3838
TZ;Arusha;Arusha;-3.37168;36.6894
KE;Taita Taveta;Mwatate;-3.505;38.3772
BI;Bujumbura Mairie;Bujumbura;-3.38264;29.3641
TZ;Shinyanga;Kahama;-3.83333;32.6
BI;Bujumbura Mairie;Bujumbura;-3.38465;29.3564
TZ;Manyara;Mbulu;-3.85;35.5333
KE;Kilifi County;Vipingo;-3.81466;39.8128
TZ;Kilimanjaro;Tarakea;-3.00083;37.5642
EC;Loja;Loja;-3.98696;-79.1993
EC;Loja;Loja;-3.99816;-79.2011
BR;Ceará;Fortaleza (Benfica);-3.74189;-38.539
BR;Ceará;Fortaleza (Edson Queiroz);-3.77085;-38.4746
EC;El Oro;Balsas;-3.75859;-79.8255
BR;Ceará;Itapajé;-3.68263;-39.5849
EC;El Oro;Santa Rosa;-3.44409;-79.9961
PE;Loreto;Iquitos;-3.77778;-73.2916
PE;Loreto;Iquitos;-3.74594;-73.254
PE;Tumbes;Tumbes (J);-3.5543;-80.4493
PE;Loreto;Iquitos;-3.74376;-73.2516
EC;Loja;Chaguarpamba;-3.87776;-79.6445
BR;Amazonas;Manaus (Da Paz);-3.053;-60.0268
PE;Loreto;Iquitos;-3.75185;-73.246
BR;Ceará;Fortaleza (Benfica);-3.74227;-38.54
BR;Ceará;Sobral (Alto da Brasília);-3.67681;-40.3402
BR;Ceará;Pedras;-3.89078;-38.5031
BR;Ceará;Fortaleza (Joaquim Távora);-3.74833;-38.5136
BR;Ceará;Fortaleza (Meireles);-3.72619;-38.4954
BR;Ceará;Fortaleza (Jacarecanga);-3.72664;-38.5449
BR;Amazonas;Manaus (Adrianópolis);-3.11255;-60.0098
BR;Amazonas;Manaus (Centro);-3.1248;-60.0217
BR;Amazonas;Manaus (Distrito Industrial);-3.13838;-59.9653
BR;Amazonas;Manaus (Distrito Industrial);-3.12354;-59.9773
BR;Ceará;Catunda (Madalena);-3.48994;-39.5695
BR;Ceará;Caucaia (Conjunto Ceará);-3.76185;-38.6064
BR;Amazonas;Taruma;-3.02675;-60.0225
BR;Ceará;Maranguape (Centro);-3.88585;-38.6835
BR;Amazonas;Manaus (Colônia Oliveira Machado);-3.14731;-60.0064
BR;Amazonas;Manaus (Distrito Industrial I);-3.1238;-59.9813
BR;Amazonas;Nossa Senhora das Graças;-3.07712;-60.0245
BR;Amazonas;Manaus (Centro);-3.11446;-60.0208
BR;Amazonas;Manaus (Coroado);-3.08525;-59.9763
BR;Ceará;Fortaleza (Aldeota);-3.72987;-38.5203
BR;Ceará;Itapipoca (Sanharão);-3.50278;-39.5823
BR;Amazonas;Manaus (Distrito Industrial II);-3.06453;-59.913
BR;Ceará;Fortaleza (Aldeota);-3.73636;-38.4966
BR;Ceará;Eusébio (Edson Queiroz);-3.82564;-38.4809
BR;Ceará;Fortaleza (Meireles);-3.73211;-38.4932
BR;Ceará;Maracanaú (Distrito Industrial I);-3.847;-38.6024
BR;Ceará;Fortaleza (Água Fria/Ed Queiroz);-3.77909;-38.4808
BR;Ceará;Santa Clara;-3.86843;-38.4854
BR;Ceará;Sobral;-3.68459;-40.351
BR;Ceará;Maranguape;-3.89173;-38.6842
BR;Ceará;Fortaleza (Damas);-3.75109;-38.5478
BR;Ceará;Maracanaú (Novo Mondubim);-3.80896;-38.5863
BR;Ceará;Lagoa da Sapiranga (Lagoa Sapiranga);-3.80243;-38.4775
BR;Ceará;Fortaleza (Aldeota);-3.73311;-38.499
BR;Amazonas;Grande Vitória;-3.07737;-59.9214
BR;Ceará;Fortaleza (Aldeota);-3.73372;-38.4996
BR;Ceará;Maracanaú (Planalto Cidade Nova);-3.83277;-38.5794
BR;Pará;Altamira;-3.19862;-52.2103
BR;Ceará;Fortaleza (Centro);-3.72823;-38.5266
BR;Amazonas;Beruri;-3.89833;-61.3731
BR;Amazonas;Manaus (Distrito Industrial II);-3.06546;-59.9115
BR;Amazonas;Manaus (Parque Dez de Novembro);-3.08371;-60.0236
BR;Amazonas;Manaus (Japiim);-3.10715;-59.9804
BR;Amazonas;Manaus (Distrito Industrial II);-3.08601;-59.9265
BR;Pará;Anapu;-3.47063;-51.2011
EC;Azuay;Las Nieves;-3.34186;-79.1153
EC;Loja;Saraguro;-3.62459;-79.2392
EC;Loja;Saraguro;-3.62385;-79.2369
EC;Loja;Loja;-3.98195;-79.2015
ID;Maluku;Werinama;-3.23846;130.145
ID;Central Papua;Mulia;-3.71472;137.985
BR;Maranhão;Nina Rodrigues;-3.46611;-43.905
BR;Piauí;Matias Olímpio;-3.71583;-42.5556
BR;Piauí;Matias Olímpio;-3.71537;-42.5541
BR;Amazonas;Nossa Senhora das Graças;-3.10473;-60.0167
BR;Amazonas;Manaus (Distrito Industrial I);-3.12084;-59.9646